{
    "resultCode":"200",
    "resultMessage":"成功",
    "items":[
        {
            "id":1,
            "title":"欢迎使用AndBase开发框架",
            "tagName":"Android开发",
            "url":"http://www.amsoft.cn/m/?post=220",
            "classId":1,
            "className":"Android开发",
            "imageUrl":"http://www.amsoft.cn/content/uploadfile/201312/f3cc1387172541.jpg",
            "createTime":"2013-05-29 10:58:52"
        },
        {
            "id":2,
            "title":"Android开发宝，Android开发神器",
            "tagName":"Android开发宝",
            "url":"http://www.amsoft.cn/m/?post=220",
            "classId":2,
            "className":"Android开发,AndBase",
            "imageUrl":"http://www.amsoft.cn/content/uploadfile/201407/thum-15601405176775.jpg",
            "createTime":"2014-07-29 09:23:12"
        },
        {
            "id":3,
            "title":"一行代码搞定所有屏幕适配",
            "tagName":"AndBase",
            "url":"http://www.amsoft.cn/post-338.html",
            "classId":3,
            "className":"Android开发,AndBase",
            "imageUrl":"http://www.amsoft.cn/content/templates/amsoft/images/rand/14.jpg",
            "createTime":"2014-07-29 09:23:12"
        },
        {
            "id":4,
            "title":"Android应用中十大导航设计错误",
            "tagName":"Android开发",
            "url":"http://www.amsoft.cn/post-252.html",
            "classId":"1,2",
            "className":"Android开发,AndBase",
            "imageUrl":"http://www.amsoft.cn/content/uploadfile/201402/f3cc1393407714.jpg",
            "createTime":"2014-07-29 09:23:12"
        }
    ]
}